Cong_ty_khach_hang,Ma_don,SO_ID,Trang_thai,Tai_khoan_loyalty,So_tien_hien_tai
CHI NHÁNH CÔNG TY TNHH SẢN XUẤT BAO BÌ NAM VIỆT TẠI ĐỒNG NAI,DH125524949235704,42214,sale,CHI NHÁNH CÔNG TY TNHH SẢN XUẤT BAO BÌ NAM VIỆT TẠI ĐỒNG NAI (namvietdn),0.0
CHI NHÁNH CÔNG TY TNHH SẢN XUẤT BAO BÌ NAM VIỆT TẠI ĐỒNG NAI,DH125524949235707,41968,sale,CHI NHÁNH CÔNG TY TNHH SẢN XUẤT BAO BÌ NAM VIỆT TẠI ĐỒNG NAI (namvietdn),0.0
CHI NHÁNH CÔNG TY TNHH SẢN XUẤT BAO BÌ NAM VIỆT TẠI ĐỒNG NAI,DH125524949236049,42623,sale,CHI NHÁNH CÔNG TY TNHH SẢN XUẤT BAO BÌ NAM VIỆT TẠI ĐỒNG NAI (namvietdn),0.0
CHI NHÁNH CÔNG TY TNHH SẢN XUẤT BAO BÌ NAM VIỆT TẠI ĐỒNG NAI,DH125524949236072,42759,sale,CHI NHÁNH CÔNG TY TNHH SẢN XUẤT BAO BÌ NAM VIỆT TẠI ĐỒNG NAI (namvietdn),0.0
CHI NHÁNH MỚI CÔNG TY TNHH SUHEUNG VIỆT NAM,DH125524949235888,42172,sale,CHI NHÁNH MỚI CÔNG TY TNHH SUHEUNG VIỆT NAM (suheung),0.0
CÔNG TY CP DÂY CÁP ĐIỆN VIỆT NAM,DH125524949236084,42776,sale,CÔNG TY CP DÂY CÁP ĐIỆN VIỆT NAM (capdienvn),0.0
CÔNG TY CP DÂY CÁP ĐIỆN VIỆT NAM,DH125524949236158,42915,sale,CÔNG TY CP DÂY CÁP ĐIỆN VIỆT NAM (capdienvn),0.0
CÔNG TY CP DÂY CÁP ĐIỆN VIỆT NAM,DH125524949236159,42918,sale,CÔNG TY CP DÂY CÁP ĐIỆN VIỆT NAM (capdienvn),0.0
CÔNG TY CP DÂY CÁP ĐIỆN VIỆT NAM,DH125524949236339,43336,sale,CÔNG TY CP DÂY CÁP ĐIỆN VIỆT NAM (capdienvn),0.0
CÔNG TY CP DÂY CÁP ĐIỆN VIỆT NAM,DH125524949236343,43340,sale,CÔNG TY CP DÂY CÁP ĐIỆN VIỆT NAM (capdienvn),0.0
CÔNG TY CỔ PHẦN 3R VIỆT NAM,DH125524949235894,42225,sale,CÔNG TY CỔ PHẦN 3R VIỆT NAM (3RTECH),0.0
CÔNG TY CỔ PHẦN 3R VIỆT NAM,DH125524949236041,42603,sale,CÔNG TY CỔ PHẦN 3R VIỆT NAM (3RTECH),0.0
CÔNG TY CỔ PHẦN 3R VIỆT NAM,DH125524949236233,43076,sale,CÔNG TY CỔ PHẦN 3R VIỆT NAM (3RTECH),0.0
CÔNG TY CỔ PHẦN 3R VIỆT NAM,DH125524949236239,43091,sale,CÔNG TY CỔ PHẦN 3R VIỆT NAM (3RTECH),0.0
CÔNG TY CỔ PHẦN 3R VIỆT NAM,DH125524949236319,43241,sale,CÔNG TY CỔ PHẦN 3R VIỆT NAM (3RTECH),0.0
CÔNG TY CỔ PHẦN BAO BÌ CÔNG NGHIỆP ECO VIỆT NAM,DH125524949235862,42102,sale,CÔNG TY CỔ PHẦN BAO BÌ CÔNG NGHIỆP ECO VIỆT NAM (eco),0.0
CÔNG TY CỔ PHẦN BAO BÌ CÔNG NGHIỆP ECO VIỆT NAM,DH125524949236161,42919,sale,CÔNG TY CỔ PHẦN BAO BÌ CÔNG NGHIỆP ECO VIỆT NAM (eco),0.0
CÔNG TY CỔ PHẦN BAO BÌ CÔNG NGHIỆP ECO VIỆT NAM,DH125524949236250,43093,sale,CÔNG TY CỔ PHẦN BAO BÌ CÔNG NGHIỆP ECO VIỆT NAM (eco),0.0
CÔNG TY CỔ PHẦN BAO BÌ CÔNG NGHIỆP ECO VIỆT NAM,DH125524949236320,43243,sale,CÔNG TY CỔ PHẦN BAO BÌ CÔNG NGHIỆP ECO VIỆT NAM (eco),0.0
CÔNG TY CỔ PHẦN BAO BÌ CÔNG NGHIỆP ECO VIỆT NAM,DH125524949236374,43368,sale,CÔNG TY CỔ PHẦN BAO BÌ CÔNG NGHIỆP ECO VIỆT NAM (eco),0.0
CÔNG TY CỔ PHẦN FABTEK VIỆT NAM,DH125524949236152,43104,sale,CÔNG TY CỔ PHẦN FABTEK VIỆT NAM (fabtek),0.0
CÔNG TY CỔ PHẦN SẢN XUẤT VÀ THƯƠNG MẠI MIỀN QUÊ,DH125524949235887,42211,sale,CÔNG TY CỔ PHẦN SẢN XUẤT VÀ THƯƠNG MẠI MIỀN QUÊ (mienque),0.0
CÔNG TY CỔ PHẦN SẢN XUẤT VÀ THƯƠNG MẠI NAM HOA,DH125524949234774,40033,sale,CÔNG TY CỔ PHẦN SẢN XUẤT VÀ THƯƠNG MẠI NAM HOA (namhoa),0.0
CÔNG TY CỔ PHẦN SẢN XUẤT VÀ THƯƠNG MẠI NAM HOA,DH125524949235803,42114,sale,CÔNG TY CỔ PHẦN SẢN XUẤT VÀ THƯƠNG MẠI NAM HOA (namhoa),0.0
CÔNG TY CỔ PHẦN SẢN XUẤT VÀ THƯƠNG MẠI NAM HOA,DH125524949235860,42111,cancel,CÔNG TY CỔ PHẦN SẢN XUẤT VÀ THƯƠNG MẠI NAM HOA (namhoa),0.0
CÔNG TY CỔ PHẦN SẢN XUẤT VÀ THƯƠNG MẠI NAM HOA,DH125524949235891,42219,sale,CÔNG TY CỔ PHẦN SẢN XUẤT VÀ THƯƠNG MẠI NAM HOA (namhoa),0.0
CÔNG TY CỔ PHẦN SẢN XUẤT VÀ THƯƠNG MẠI NAM HOA,DH125524949235932,42298,sale,CÔNG TY CỔ PHẦN SẢN XUẤT VÀ THƯƠNG MẠI NAM HOA (namhoa),0.0
CÔNG TY CỔ PHẦN SẢN XUẤT VÀ THƯƠNG MẠI NAM HOA,DH125524949236000,42459,sale,CÔNG TY CỔ PHẦN SẢN XUẤT VÀ THƯƠNG MẠI NAM HOA (namhoa),0.0
CÔNG TY CỔ PHẦN SẢN XUẤT VÀ THƯƠNG MẠI NAM HOA,DH125524949236077,42768,sale,CÔNG TY CỔ PHẦN SẢN XUẤT VÀ THƯƠNG MẠI NAM HOA (namhoa),0.0
CÔNG TY CỔ PHẦN SẢN XUẤT VÀ THƯƠNG MẠI NAM HOA,DH125524949236177,42999,sale,CÔNG TY CỔ PHẦN SẢN XUẤT VÀ THƯƠNG MẠI NAM HOA (namhoa),0.0
CÔNG TY CỔ PHẦN THÉP POSCO YAMATO VINA,DH125524949235861,42157,sale,CÔNG TY CỔ PHẦN THÉP POSCO YAMATO VINA - Vy (poscoyamato1),0.0
CÔNG TY CỔ PHẦN THÉP POSCO YAMATO VINA,DH125524949236325,43269,sale,CÔNG TY CỔ PHẦN THÉP POSCO YAMATO VINA - Chị Thắm (poscoyamato),0.0
CÔNG TY CỔ PHẦN THÉP POSCO YAMATO VINA,DH125524949236325,43269,sale,CÔNG TY CỔ PHẦN THÉP POSCO YAMATO VINA - Vy (poscoyamato1),0.0
CÔNG TY HỮU HẠN CHẾ TẠO CÔNG NGHIỆP VÀ GIA CÔNG CHẾ BIẾN HÀNG XUẤT KHẨU VIỆT NAM (VMEP),DH125524949236174,43028,sale,CÔNG TY HỮU HẠN CHẾ TẠO CÔNG NGHIỆP VÀ GIA CÔNG CHẾ BIẾN HÀNG XUẤT KHẨU VIỆT NAM (VMEP) (vmep),0.0
CÔNG TY TNHH ACTION COMPOSITES HIGHTECH INDUSTRIES,DH125524949235819,42019,sale,CÔNG TY TNHH ACTION COMPOSITES HIGHTECH INDUSTRIES (achi),0.0
CÔNG TY TNHH ARTISAN PLANET INTERNATIONAL,DH125524949235907,42281,sale,CÔNG TY TNHH ARTISAN PLANET INTERNATIONAL (Planet),0.0
CÔNG TY TNHH ARTISAN PLANET INTERNATIONAL,DH125524949236036,42613,sale,CÔNG TY TNHH ARTISAN PLANET INTERNATIONAL (Planet),0.0
CÔNG TY TNHH ARTISAN PLANET INTERNATIONAL,DH125524949236148,42889,sale,CÔNG TY TNHH ARTISAN PLANET INTERNATIONAL (Planet),0.0
CÔNG TY TNHH BELMONT MANUFACTURING,DH125524949236053,42781,sale,CÔNG TY TNHH BELMONT MANUFACTURING (belmont),0.0
CÔNG TY TNHH BUCHEON VIỆT NAM ĐỒNG NAI,DH125524949235878,42142,sale,CÔNG TY TNHH BUCHEON VIỆT NAM ĐỒNG NAI (bucheon),0.0
CÔNG TY TNHH CJ FOODS VIỆT NAM,DH125524949236105,42814,sale,CÔNG TY TNHH CJ FOODS VIỆT NAM (cjfoodsvn),0.0
CÔNG TY TNHH CÁP ĐIỆN VÀ HỆ THỐNG LS VIỆT NAM,DH125524949235866,42108,sale,CÔNG TY TNHH CÁP ĐIỆN VÀ HỆ THỐNG LS VIỆT NAM (lsvn),0.0
CÔNG TY TNHH CÁP ĐIỆN VÀ HỆ THỐNG LS VIỆT NAM,DH125524949235892,42222,sale,CÔNG TY TNHH CÁP ĐIỆN VÀ HỆ THỐNG LS VIỆT NAM (lsvn),0.0
CÔNG TY TNHH CÁP ĐIỆN VÀ HỆ THỐNG LS VIỆT NAM,DH125524949236166,42925,sale,CÔNG TY TNHH CÁP ĐIỆN VÀ HỆ THỐNG LS VIỆT NAM (lsvn),0.0
CÔNG TY TNHH CÁP ĐIỆN VÀ HỆ THỐNG LS VIỆT NAM,DH125524949236338,43334,sale,CÔNG TY TNHH CÁP ĐIỆN VÀ HỆ THỐNG LS VIỆT NAM (lsvn),0.0
CÔNG TY TNHH CÁP ĐIỆN VÀ HỆ THỐNG LS VIỆT NAM,DH125524949236344,43341,sale,CÔNG TY TNHH CÁP ĐIỆN VÀ HỆ THỐNG LS VIỆT NAM (lsvn),0.0
CÔNG TY TNHH CÁP ĐIỆN VÀ HỆ THỐNG LS VIỆT NAM,DH125524949236345,43343,sale,CÔNG TY TNHH CÁP ĐIỆN VÀ HỆ THỐNG LS VIỆT NAM (lsvn),0.0
CÔNG TY TNHH CÁP ĐIỆN VÀ HỆ THỐNG LS VIỆT NAM,DH125524949236350,43344,sale,CÔNG TY TNHH CÁP ĐIỆN VÀ HỆ THỐNG LS VIỆT NAM (lsvn),0.0
CÔNG TY TNHH CÁP ĐIỆN VÀ HỆ THỐNG LS VIỆT NAM,DH125524949236366,43350,sale,CÔNG TY TNHH CÁP ĐIỆN VÀ HỆ THỐNG LS VIỆT NAM (lsvn),0.0
CÔNG TY TNHH CÁP ĐIỆN VÀ HỆ THỐNG LS VIỆT NAM,DH125524949236367,43352,sale,CÔNG TY TNHH CÁP ĐIỆN VÀ HỆ THỐNG LS VIỆT NAM (lsvn),0.0
CÔNG TY TNHH CÔNG NGHIỆP KAWAJUN VIỆT NAM,DH125524949235889,42203,sale,CÔNG TY TNHH CÔNG NGHIỆP KAWAJUN VIỆT NAM (kawajun),0.0
CÔNG TY TNHH CÔNG NGHIỆP KAWAJUN VIỆT NAM,DH125524949236059,42734,sale,CÔNG TY TNHH CÔNG NGHIỆP KAWAJUN VIỆT NAM (kawajun),0.0
CÔNG TY TNHH CÔNG NGHIỆP KAWAJUN VIỆT NAM,DH125524949236103,42808,sale,CÔNG TY TNHH CÔNG NGHIỆP KAWAJUN VIỆT NAM (kawajun),0.0
CÔNG TY TNHH CÔNG NGHIỆP KAWAJUN VIỆT NAM,DH125524949236171,42990,sale,CÔNG TY TNHH CÔNG NGHIỆP KAWAJUN VIỆT NAM (kawajun),0.0
CÔNG TY TNHH CÔNG NGHIỆP KAWAJUN VIỆT NAM,DH125524949236182,43004,sale,CÔNG TY TNHH CÔNG NGHIỆP KAWAJUN VIỆT NAM (kawajun),0.0
CÔNG TY TNHH CÔNG NGHIỆP PHÚ THÁI - CHI NHÁNH THÀNH PHỐ ĐỒNG NAI,DH125524949235898,42233,sale,CÔNG TY TNHH CÔNG NGHIỆP PHÚ THÁI - CHI NHÁNH THÀNH PHỐ ĐỒNG NAI (phuthai),0.0
CÔNG TY TNHH CÔNG NGHIỆP PHÚ THÁI - CHI NHÁNH THÀNH PHỐ ĐỒNG NAI,DH125524949236372,43367,sale,CÔNG TY TNHH CÔNG NGHIỆP PHÚ THÁI - CHI NHÁNH THÀNH PHỐ ĐỒNG NAI (phuthai),0.0
CÔNG TY TNHH DAE JAE VIỆT NAM,DH125524949236074,42762,sale,CÔNG TY TNHH DAE JAE VIỆT NAM (daejae),0.0
CÔNG TY TNHH DAE JAE VIỆT NAM,DH125524949236330,43329,sale,CÔNG TY TNHH DAE JAE VIỆT NAM (daejae),0.0
CÔNG TY TNHH DAE MYUNG CHEMICAL (VIỆT NAM).,DH125524949236098,43111,sale,CÔNG TY TNHH DAE MYUNG CHEMICAL (VIỆT NAM). (daemyung),0.0
CÔNG TY TNHH DAE MYUNG CHEMICAL (VIỆT NAM).,DH125524949236101,42809,sale,CÔNG TY TNHH DAE MYUNG CHEMICAL (VIỆT NAM). (daemyung),0.0
CÔNG TY TNHH FOAM HWA CHING DONGNAI,DH125524949236064,42742,sale,CÔNG TY TNHH FOAM HWA CHING DONGNAI (hwachingdn),0.0
CÔNG TY TNHH FOAM HWA CHING DONGNAI,DH125524949236068,42746,sale,CÔNG TY TNHH FOAM HWA CHING DONGNAI (hwachingdn),0.0
CÔNG TY TNHH FOAM HWA CHING DONGNAI,DH125524949236227,43068,sale,CÔNG TY TNHH FOAM HWA CHING DONGNAI (hwachingdn),0.0
CÔNG TY TNHH FOAM HWA CHING DONGNAI,DH125524949236256,43101,sale,CÔNG TY TNHH FOAM HWA CHING DONGNAI (hwachingdn),0.0
CÔNG TY TNHH HORY VIỆT NAM,DH125524949235388,42002,sale,CÔNG TY TNHH HORY VIỆT NAM (hory),0.0
CÔNG TY TNHH HORY VIỆT NAM,DH125524949235810,42310,sale,CÔNG TY TNHH HORY VIỆT NAM (hory),0.0
CÔNG TY TNHH HORY VIỆT NAM,DH125524949235942,42325,sale,CÔNG TY TNHH HORY VIỆT NAM (hory),0.0
CÔNG TY TNHH HORY VIỆT NAM,DH125524949236005,42466,sale,CÔNG TY TNHH HORY VIỆT NAM (hory),0.0
CÔNG TY TNHH JUNGWOO VINA,DH125524949235797,41981,sale,CÔNG TY TNHH JUNGWOO VINA (jungwoovina),0.0
CÔNG TY TNHH JUNGWOO VINA,DH125524949235968,42403,sale,CÔNG TY TNHH JUNGWOO VINA (jungwoovina),0.0
CÔNG TY TNHH JUNGWOO VINA,DH125524949235983,42406,sale,CÔNG TY TNHH JUNGWOO VINA (jungwoovina),0.0
CÔNG TY TNHH JUNGWOO VINA,DH125524949236035,42612,sale,CÔNG TY TNHH JUNGWOO VINA (jungwoovina),0.0
CÔNG TY TNHH KAM HING (VIETNAM) DỆT NHUỘM VÀ IN,DH125524949236009,42476,sale,CÔNG TY TNHH KAM HING (VIETNAM) DỆT NHUỘM VÀ IN (kamhing),0.0
CÔNG TY TNHH LIANN WAN (VIỆT NAM),DH125524949235832,42035,sale,CÔNG TY TNHH LIANN WAN (VIỆT NAM) (liannwan),0.0
CÔNG TY TNHH LIANN WAN (VIỆT NAM),DH125524949235879,42143,sale,CÔNG TY TNHH LIANN WAN (VIỆT NAM) (liannwan),0.0
CÔNG TY TNHH LIANN WAN (VIỆT NAM),DH125524949235914,42267,sale,CÔNG TY TNHH LIANN WAN (VIỆT NAM) (liannwan),0.0
CÔNG TY TNHH LIANN WAN (VIỆT NAM),DH125524949235946,42324,sale,CÔNG TY TNHH LIANN WAN (VIỆT NAM) (liannwan),0.0
CÔNG TY TNHH LIANN WAN (VIỆT NAM),DH125524949236093,42786,sale,CÔNG TY TNHH LIANN WAN (VIỆT NAM) (liannwan),0.0
CÔNG TY TNHH LIANN WAN (VIỆT NAM),DH125524949236187,43008,sale,CÔNG TY TNHH LIANN WAN (VIỆT NAM) (liannwan),0.0
CÔNG TY TNHH LIANN WAN (VIỆT NAM),DH125524949236190,43013,sale,CÔNG TY TNHH LIANN WAN (VIỆT NAM) (liannwan),0.0
CÔNG TY TNHH LIANN WAN (VIỆT NAM),DH125524949236225,43067,sale,CÔNG TY TNHH LIANN WAN (VIỆT NAM) (liannwan),0.0
CÔNG TY TNHH LOTTE CHEMICAL VIỆT NAM,DH125524949235814,42011,sale,CÔNG TY TNHH LOTTE CHEMICAL VIỆT NAM (lottechemical),0.0
CÔNG TY TNHH LOTTE CHEMICAL VIỆT NAM,DH125524949236044,42616,sale,CÔNG TY TNHH LOTTE CHEMICAL VIỆT NAM (lottechemical),0.0
CÔNG TY TNHH LOTTE CHEMICAL VIỆT NAM,DH125524949236086,42779,sale,CÔNG TY TNHH LOTTE CHEMICAL VIỆT NAM (lottechemical),0.0
CÔNG TY TNHH LOTTE CHEMICAL VIỆT NAM,DH125524949236232,43075,sale,CÔNG TY TNHH LOTTE CHEMICAL VIỆT NAM (lottechemical),0.0
CÔNG TY TNHH LOTTE CHEMICAL VIỆT NAM,DH125524949236341,43339,sale,CÔNG TY TNHH LOTTE CHEMICAL VIỆT NAM (lottechemical),0.0
CÔNG TY TNHH LOTTE CHEMICAL VIỆT NAM,DH125524949236361,43346,sale,CÔNG TY TNHH LOTTE CHEMICAL VIỆT NAM (lottechemical),0.0
CÔNG TY TNHH MARSHALL AMPLIFICATION (VIỆT NAM).,DH125524949236104,42813,sale,CÔNG TY TNHH MARSHALL AMPLIFICATION (VIỆT NAM). (marshallvn),0.0
CÔNG TY TNHH MARSHALL AMPLIFICATION (VIỆT NAM).,DH125524949236203,43030,sale,CÔNG TY TNHH MARSHALL AMPLIFICATION (VIỆT NAM). (marshallvn),0.0
CÔNG TY TNHH MARSHALL AMPLIFICATION (VIỆT NAM).,DH125524949236369,43356,sale,CÔNG TY TNHH MARSHALL AMPLIFICATION (VIỆT NAM). (marshallvn),0.0
CÔNG TY TNHH MARSHALL AMPLIFICATION (VIỆT NAM).,DH125524949236370,43363,sale,CÔNG TY TNHH MARSHALL AMPLIFICATION (VIỆT NAM). (marshallvn),0.0
CÔNG TY TNHH MỘT THÀNH VIÊN CONCORD TEXTILE CORPORATION VIETNAM,DH125524949235647,42295,sale,CÔNG TY TNHH MỘT THÀNH VIÊN CONCORD TEXTILE CORPORATION VIETNAM (concord),0.0
CÔNG TY TNHH MỘT THÀNH VIÊN CONCORD TEXTILE CORPORATION VIETNAM,DH125524949235929,42296,sale,CÔNG TY TNHH MỘT THÀNH VIÊN CONCORD TEXTILE CORPORATION VIETNAM (concord),0.0
CÔNG TY TNHH MỸ PHẨM LG VINA,DH125524949235792,41971,sale,CÔNG TY TNHH MỸ PHẨM LG VINA (lgvina),0.0
CÔNG TY TNHH MỸ PHẨM LG VINA,DH125524949235958,42346,sale,CÔNG TY TNHH MỸ PHẨM LG VINA (lgvina),0.0
CÔNG TY TNHH MỸ PHẨM LG VINA,DH125524949236075,42763,sale,CÔNG TY TNHH MỸ PHẨM LG VINA (lgvina),0.0
CÔNG TY TNHH MỸ PHẨM LG VINA,DH125524949236078,42767,sale,CÔNG TY TNHH MỸ PHẨM LG VINA (lgvina),0.0
CÔNG TY TNHH MỸ PHẨM LG VINA,DH125524949236275,43196,sale,CÔNG TY TNHH MỸ PHẨM LG VINA (lgvina),0.0
CÔNG TY TNHH MỸ PHẨM LG VINA,DH125524949236276,43197,sale,CÔNG TY TNHH MỸ PHẨM LG VINA (lgvina),0.0
CÔNG TY TNHH MỸ PHẨM LG VINA,DH125524949236280,43200,sale,CÔNG TY TNHH MỸ PHẨM LG VINA (lgvina),0.0
CÔNG TY TNHH PEGASUS - SHIMAMOTO AUTO PARTS VIỆT NAM,DH125524949235964,42614,sale,CÔNG TY TNHH PEGASUS - SHIMAMOTO AUTO PARTS VIỆT NAM (pegasus),0.0
CÔNG TY TNHH PFEIFFER VACUUM+FAB SOLUTIONS VIỆT NAM,DH125524949236287,43358,sale,CÔNG TY TNHH PFEIFFER VACUUM+FAB SOLUTIONS VIỆT NAM (vacuum-fab),0.0
CÔNG TY TNHH PFEIFFER VACUUM+FAB SOLUTIONS VIỆT NAM,DH125524949236289,43359,sale,CÔNG TY TNHH PFEIFFER VACUUM+FAB SOLUTIONS VIỆT NAM (vacuum-fab),0.0
CÔNG TY TNHH QUỐC TẾ GRANDE,DH125524949235835,42038,sale,CÔNG TY TNHH QUỐC TẾ GRANDE (grande),0.0
CÔNG TY TNHH QUỐC TẾ GRANDE,DH125524949235858,42099,sale,CÔNG TY TNHH QUỐC TẾ GRANDE (grande),0.0
CÔNG TY TNHH QUỐC TẾ GRANDE,DH125524949236120,42824,sale,CÔNG TY TNHH QUỐC TẾ GRANDE (grande),0.0
CÔNG TY TNHH QUỐC TẾ GRANDE,DH125524949236133,42843,sale,CÔNG TY TNHH QUỐC TẾ GRANDE (grande),0.0
CÔNG TY TNHH SAMYOUNG CHEMICAL VIỆT NAM,DH125524949235804,42025,sale,CÔNG TY TNHH SAMYOUNG CHEMICAL VIỆT NAM (samyoung),0.0
CÔNG TY TNHH SAMYOUNG CHEMICAL VIỆT NAM,DH125524949236020,42517,sale,CÔNG TY TNHH SAMYOUNG CHEMICAL VIỆT NAM (samyoung),0.0
CÔNG TY TNHH SEJONG PAPER TUBE VINA,DH125524949236167,42930,sale,CÔNG TY TNHH SEJONG PAPER TUBE VINA (sejong),0.0
CÔNG TY TNHH SOLTEC VIỆT NAM,DH125524949235805,41995,sale,CÔNG TY TNHH SOLTEC VIỆT NAM (soltec),0.0
CÔNG TY TNHH SOLTEC VIỆT NAM,DH125524949235919,42320,sale,CÔNG TY TNHH SOLTEC VIỆT NAM (soltec),0.0
CÔNG TY TNHH SOLTEC VIỆT NAM,DH125524949235923,42286,sale,CÔNG TY TNHH SOLTEC VIỆT NAM (soltec),0.0
CÔNG TY TNHH SOLTEC VIỆT NAM,DH125524949235944,42321,sale,CÔNG TY TNHH SOLTEC VIỆT NAM (soltec),0.0
CÔNG TY TNHH SOLTEC VIỆT NAM,DH125524949236317,43238,sale,CÔNG TY TNHH SOLTEC VIỆT NAM (soltec),0.0
CÔNG TY TNHH STOLZ-MIRAS (VIỆT NAM),DH125524949235955,42336,sale,CÔNG TY TNHH STOLZ-MIRAS (VIỆT NAM) (stolz),0.0
CÔNG TY TNHH STOLZ-MIRAS (VIỆT NAM),DH125524949236272,43192,sale,CÔNG TY TNHH STOLZ-MIRAS (VIỆT NAM) (stolz),0.0
CÔNG TY TNHH STOLZ-MIRAS (VIỆT NAM),DH125524949236274,43194,sale,CÔNG TY TNHH STOLZ-MIRAS (VIỆT NAM) (stolz),0.0
CÔNG TY TNHH SUMMIT POLYMERS VIETNAM,DH125524949235813,42009,sale,CÔNG TY TNHH SUMMIT POLYMERS VIETNAM (summit),0.0
CÔNG TY TNHH SUMMIT POLYMERS VIETNAM,DH125524949235834,42037,sale,CÔNG TY TNHH SUMMIT POLYMERS VIETNAM (summit),0.0
CÔNG TY TNHH SUMMIT POLYMERS VIETNAM,DH125524949235910,42247,sale,CÔNG TY TNHH SUMMIT POLYMERS VIETNAM (summit),0.0
CÔNG TY TNHH SUMMIT POLYMERS VIETNAM,DH125524949235911,42250,sale,CÔNG TY TNHH SUMMIT POLYMERS VIETNAM (summit),0.0
CÔNG TY TNHH SUMMIT POLYMERS VIETNAM,DH125524949236146,42855,sale,CÔNG TY TNHH SUMMIT POLYMERS VIETNAM (summit),0.0
CÔNG TY TNHH SUMMIT POLYMERS VIETNAM,DH125524949236292,43215,sale,CÔNG TY TNHH SUMMIT POLYMERS VIETNAM (summit),0.0
CÔNG TY TNHH SUMMIT POLYMERS VIETNAM,DH125524949236315,43362,sale,CÔNG TY TNHH SUMMIT POLYMERS VIETNAM (summit),0.0
CÔNG TY TNHH SUMMIT POLYMERS VIETNAM,DH125524949236321,43246,sale,CÔNG TY TNHH SUMMIT POLYMERS VIETNAM (summit),0.0
CÔNG TY TNHH SẢN PHẨM TRI STAR,DH125524949235825,42034,sale,CÔNG TY TNHH SẢN PHẨM TRI STAR (tristar),0.0
CÔNG TY TNHH SẢN PHẨM TRI STAR,DH125524949235991,42417,sale,CÔNG TY TNHH SẢN PHẨM TRI STAR (tristar),0.0
CÔNG TY TNHH SẢN PHẨM TRI STAR,DH125524949235996,42419,sale,CÔNG TY TNHH SẢN PHẨM TRI STAR (tristar),0.0
CÔNG TY TNHH SẢN PHẨM TRI STAR,DH125524949236242,43092,sale,CÔNG TY TNHH SẢN PHẨM TRI STAR (tristar),0.0
CÔNG TY TNHH SẢN XUẤT BAO BÌ NAM VIỆT,DH125524949235843,42088,sale,CÔNG TY TNHH SẢN XUẤT BAO BÌ NAM VIỆT (namviet),0.0
CÔNG TY TNHH SẢN XUẤT BAO BÌ NAM VIỆT,DH125524949235852,42094,sale,CÔNG TY TNHH SẢN XUẤT BAO BÌ NAM VIỆT (namviet),0.0
CÔNG TY TNHH SẢN XUẤT BAO BÌ NAM VIỆT,DH125524949236271,43190,sale,CÔNG TY TNHH SẢN XUẤT BAO BÌ NAM VIỆT (namviet),0.0
CÔNG TY TNHH SẢN XUẤT BAO BÌ NAM VIỆT,DH125524949236273,43193,sale,CÔNG TY TNHH SẢN XUẤT BAO BÌ NAM VIỆT (namviet),0.0
CÔNG TY TNHH THÉP KOS VIỆT NAM,DH125524949235640,41659,sale,CÔNG TY TNHH THÉP KOS VIỆT NAM (kosvn),0.0
CÔNG TY TNHH THÉP KOS VIỆT NAM,DH125524949235807,42005,sale,CÔNG TY TNHH THÉP KOS VIỆT NAM (kosvn),0.0
CÔNG TY TNHH THÉP KOS VIỆT NAM,DH125524949235908,42245,sale,CÔNG TY TNHH THÉP KOS VIỆT NAM (kosvn),0.0
CÔNG TY TNHH THÉP KOS VIỆT NAM,DH125524949236137,42846,sale,CÔNG TY TNHH THÉP KOS VIỆT NAM (kosvn),0.0
CÔNG TY TNHH THÉP KOS VIỆT NAM,DH125524949236138,42847,sale,CÔNG TY TNHH THÉP KOS VIỆT NAM (kosvn),0.0
CÔNG TY TNHH THÉP KOS VIỆT NAM,DH125524949236191,43015,sale,CÔNG TY TNHH THÉP KOS VIỆT NAM (kosvn),0.0
CÔNG TY TNHH THÉP KOS VIỆT NAM,DH125524949236211,43039,sale,CÔNG TY TNHH THÉP KOS VIỆT NAM (kosvn),0.0
CÔNG TY TNHH THÉP KOS VIỆT NAM,DH125524949236213,43040,sale,CÔNG TY TNHH THÉP KOS VIỆT NAM (kosvn),0.0
CÔNG TY TNHH THÉP KOS VIỆT NAM,DH125524949236214,43041,sale,CÔNG TY TNHH THÉP KOS VIỆT NAM (kosvn),0.0
CÔNG TY TNHH THÉP KOS VIỆT NAM,DH125524949236260,43106,sale,CÔNG TY TNHH THÉP KOS VIỆT NAM (kosvn),0.0
CÔNG TY TNHH THÉP KOS VIỆT NAM,DH125524949236261,43107,sale,CÔNG TY TNHH THÉP KOS VIỆT NAM (kosvn),0.0
CÔNG TY TNHH THÉP KOS VIỆT NAM,DH125524949236262,43108,sale,CÔNG TY TNHH THÉP KOS VIỆT NAM (kosvn),0.0
CÔNG TY TNHH THÉP KOS VIỆT NAM,DH125524949236263,43112,sale,CÔNG TY TNHH THÉP KOS VIỆT NAM (kosvn),0.0
CÔNG TY TNHH THÉP KOS VIỆT NAM,DH125524949236267,43178,sale,CÔNG TY TNHH THÉP KOS VIỆT NAM (kosvn),0.0
CÔNG TY TNHH THÉP KOS VIỆT NAM,DH125524949236305,43357,sale,CÔNG TY TNHH THÉP KOS VIỆT NAM (kosvn),0.0
CÔNG TY TNHH THÉP KOS VIỆT NAM,DH125524949236380,43375,sale,CÔNG TY TNHH THÉP KOS VIỆT NAM (kosvn),0.0
CÔNG TY TNHH TOTAL FLOOR COVERING VIỆT NAM,DH125524949235979,42748,sale,CÔNG TY TNHH TOTAL FLOOR COVERING VIỆT NAM (Total),0.0
CÔNG TY TNHH UNIWIN VIỆT NAM,DH125524949234811,40108,sale,CÔNG TY TNHH UNIWIN VIỆT NAM (uniwin-vn),0.0
CÔNG TY TNHH UNIWIN VIỆT NAM,DH125524949235794,41974,sale,CÔNG TY TNHH UNIWIN VIỆT NAM (uniwin-vn),0.0
CÔNG TY TNHH UNIWIN VIỆT NAM,DH125524949236012,42505,sale,CÔNG TY TNHH UNIWIN VIỆT NAM (uniwin-vn),0.0
CÔNG TY TNHH UNIWIN VIỆT NAM,DH125524949236193,43017,sale,CÔNG TY TNHH UNIWIN VIỆT NAM (uniwin-vn),0.0
CÔNG TY TNHH WORLD VINA,DH125524949235936,42737,sale,CÔNG TY TNHH WORLD VINA (worldvina),0.0
CÔNG TY TNHH WORLD VINA,DH125524949236081,42801,sale,CÔNG TY TNHH WORLD VINA (worldvina),0.0
CÔNG TY TRÁCH NHIỆM HỮU HẠN CHOSUN VINA,DH125524949235833,42036,sale,CÔNG TY TRÁCH NHIỆM HỮU HẠN CHOSUN VINA (chosunvina),0.0
CÔNG TY TRÁCH NHIỆM HỮU HẠN CHOSUN VINA,DH125524949235885,42160,sale,CÔNG TY TRÁCH NHIỆM HỮU HẠN CHOSUN VINA (chosunvina),0.0
CÔNG TY TRÁCH NHIỆM HỮU HẠN CHOSUN VINA,DH125524949235895,42226,sale,CÔNG TY TRÁCH NHIỆM HỮU HẠN CHOSUN VINA (chosunvina),0.0
CÔNG TY TRÁCH NHIỆM HỮU HẠN CHOSUN VINA,DH125524949236021,42518,sale,CÔNG TY TRÁCH NHIỆM HỮU HẠN CHOSUN VINA (chosunvina),0.0
CÔNG TY TRÁCH NHIỆM HỮU HẠN CHOSUN VINA,DH125524949236039,42601,sale,CÔNG TY TRÁCH NHIỆM HỮU HẠN CHOSUN VINA (chosunvina),0.0
CÔNG TY TRÁCH NHIỆM HỮU HẠN CHOSUN VINA,DH125524949236040,42602,sale,CÔNG TY TRÁCH NHIỆM HỮU HẠN CHOSUN VINA (chosunvina),0.0
CÔNG TY TRÁCH NHIỆM HỮU HẠN CHOSUN VINA,DH125524949236209,43037,sale,CÔNG TY TRÁCH NHIỆM HỮU HẠN CHOSUN VINA (chosunvina),0.0
CÔNG TY TRÁCH NHIỆM HỮU HẠN CHOSUN VINA,DH125524949236303,43228,sale,CÔNG TY TRÁCH NHIỆM HỮU HẠN CHOSUN VINA (chosunvina),0.0
CÔNG TY TRÁCH NHIỆM HỮU HẠN CHOSUN VINA,DH125524949236308,43231,sale,CÔNG TY TRÁCH NHIỆM HỮU HẠN CHOSUN VINA (chosunvina),0.0
CÔNG TY TRÁCH NHIỆM HỮU HẠN CHOSUN VINA,DH125524949236371,43365,sale,CÔNG TY TRÁCH NHIỆM HỮU HẠN CHOSUN VINA (chosunvina),0.0
CÔNG TY TRÁCH NHIỆM HỮU HẠN DONG-IL VIỆT NAM,DH125524949235864,42104,sale,CÔNG TY TRÁCH NHIỆM HỮU HẠN DONG-IL VIỆT NAM (dongil),0.0
CÔNG TY TRÁCH NHIỆM HỮU HẠN DONG-IL VIỆT NAM,DH125524949236092,42785,sale,CÔNG TY TRÁCH NHIỆM HỮU HẠN DONG-IL VIỆT NAM (dongil),0.0
CÔNG TY TRÁCH NHIỆM HỮU HẠN DONG-IL VIỆT NAM,DH125524949236383,43386,sale,CÔNG TY TRÁCH NHIỆM HỮU HẠN DONG-IL VIỆT NAM (dongil),0.0
CÔNG TY TRÁCH NHIỆM HỮU HẠN DONGJIN TEXTILE VINA,DH125524949235762,43105,sale,CÔNG TY TRÁCH NHIỆM HỮU HẠN DONGJIN TEXTILE VINA (dongjin-textile),0.0
CÔNG TY TRÁCH NHIỆM HỮU HẠN DONGJIN TEXTILE VINA,DH125524949235787,41951,cancel,CÔNG TY TRÁCH NHIỆM HỮU HẠN DONGJIN TEXTILE VINA (dongjin-textile),0.0
CÔNG TY TRÁCH NHIỆM HỮU HẠN DONGJIN TEXTILE VINA,DH125524949235867,42176,sale,CÔNG TY TRÁCH NHIỆM HỮU HẠN DONGJIN TEXTILE VINA (dongjin-textile),0.0
CÔNG TY TRÁCH NHIỆM HỮU HẠN DONGJIN TEXTILE VINA,DH125524949235869,42175,sale,CÔNG TY TRÁCH NHIỆM HỮU HẠN DONGJIN TEXTILE VINA (dongjin-textile),0.0
CÔNG TY TRÁCH NHIỆM HỮU HẠN DONGJIN TEXTILE VINA,DH125524949235871,42159,sale,CÔNG TY TRÁCH NHIỆM HỮU HẠN DONGJIN TEXTILE VINA (dongjin-textile),0.0
CÔNG TY TRÁCH NHIỆM HỮU HẠN DONGJIN TEXTILE VINA,DH125524949235938,42448,sale,CÔNG TY TRÁCH NHIỆM HỮU HẠN DONGJIN TEXTILE VINA (dongjin-bs),0.0
CÔNG TY TRÁCH NHIỆM HỮU HẠN DONGJIN TEXTILE VINA,DH125524949235940,42458,sale,CÔNG TY TRÁCH NHIỆM HỮU HẠN DONGJIN TEXTILE VINA (dongjin-bs),0.0
CÔNG TY TRÁCH NHIỆM HỮU HẠN DONGJIN TEXTILE VINA,DH125524949235943,42457,sale,CÔNG TY TRÁCH NHIỆM HỮU HẠN DONGJIN TEXTILE VINA (dongjin-bs),0.0
CÔNG TY TRÁCH NHIỆM HỮU HẠN DONGJIN TEXTILE VINA,DH125524949235965,42358,sale,CÔNG TY TRÁCH NHIỆM HỮU HẠN DONGJIN TEXTILE VINA (dongjin-textile),0.0
CÔNG TY TRÁCH NHIỆM HỮU HẠN DONGJIN TEXTILE VINA,DH125524949235981,42456,sale,CÔNG TY TRÁCH NHIỆM HỮU HẠN DONGJIN TEXTILE VINA (dongjin-bs),0.0
CÔNG TY TRÁCH NHIỆM HỮU HẠN DONGJIN TEXTILE VINA,DH125524949235992,42591,sale,CÔNG TY TRÁCH NHIỆM HỮU HẠN DONGJIN TEXTILE VINA (dongjin-textile),0.0
CÔNG TY TRÁCH NHIỆM HỮU HẠN DONGJIN TEXTILE VINA,DH125524949235995,42592,sale,CÔNG TY TRÁCH NHIỆM HỮU HẠN DONGJIN TEXTILE VINA (dongjin-textile),0.0
CÔNG TY TRÁCH NHIỆM HỮU HẠN DONGJIN TEXTILE VINA,DH125524949236038,42811,sale,CÔNG TY TRÁCH NHIỆM HỮU HẠN DONGJIN TEXTILE VINA (dongjin-textile),0.0
CÔNG TY TRÁCH NHIỆM HỮU HẠN DONGJIN TEXTILE VINA,DH125524949236235,43110,sale,CÔNG TY TRÁCH NHIỆM HỮU HẠN DONGJIN TEXTILE VINA (dongjin-textile),0.0
CÔNG TY TRÁCH NHIỆM HỮU HẠN DONGJIN TEXTILE VINA,DH125524949236304,43235,sale,CÔNG TY TRÁCH NHIỆM HỮU HẠN DONGJIN TEXTILE VINA (dongjin-textile),0.0
CÔNG TY TRÁCH NHIỆM HỮU HẠN SẢN XUẤT BAO BÌ KIM LOẠI VÀ IN TRÊN KIM LOẠI,DH125524949235960,42348,sale,CÔNG TY TRÁCH NHIỆM HỮU HẠN SẢN XUẤT BAO BÌ KIM LOẠI VÀ IN TRÊN KIM LOẠI (namvietkimloai),0.0
CÔNG TY TRÁCH NHIỆM HỮU HẠN SẢN XUẤT BAO BÌ KIM LOẠI VÀ IN TRÊN KIM LOẠI,DH125524949236125,42836,sale,CÔNG TY TRÁCH NHIỆM HỮU HẠN SẢN XUẤT BAO BÌ KIM LOẠI VÀ IN TRÊN KIM LOẠI (namvietkimloai),0.0
